IsComplete,Name,OwnerId
true,Find the Lock Ness Monster,117679367306256560152
false,Eat breakfast on the moon,117679367306256560152
false,Run a marathon backwards,117679367306256560152
true,Send a notification to everyone,117679367306256560152
false,Convert CSV to JSON,117679367306256560152
true,Tell GCM to remember which account to use,117679367306256560152
true,Learn to play the guitar,117679367306256560152
false,Travel to all continents,117679367306256560152
true,Build a treehouse,117679367306256560152
false,Learn a new language,117679367306256560152
